{"cameraMode":{"drawMode":0,"name":"Shaded","section":"Shading Mode"},"sceneLighting":true,"audioPlay":false,"sceneViewState":{"showFog":true,"showMaterialUpdate":false,"showSkybox":true,"showFlares":true,"showImageEffects":true,"showParticleSystems":true},"in2DMode":false,"pivot":{"x":-2.8434998989105226,"y":1.2251365184783936,"z":-6.090000152587891},"rotation":{"x":0.011473034508526326,"y":0.9795903563499451,"z":0.058551203459501269,"w":-0.19195248186588288},"size":36.07935333251953,"orthographic":true}